label,message,,,
0,Wants to know how the hell I can remember words to songs from years ago but canâ€™t remember what I went into the next room for!?!,,,
0,Love is a long sweet dream & marriage is an alarm clock..,,,
0,The world could be amazing when you are slightly strange.,,,
0,My secret talent is getting tired without doing anything. ðŸ˜€,,,
0,"Khatarnaak Whatsapp Status Everâ€¦ Can\â€™t talk, wife around",,,
0,The new way of forgetting your past is deleting your chats ðŸ˜›,,,
0,"204 countries, 805 Islands, 7 seas, 7+ Billion people and Iâ€™m still single..",,,
0,Availableâ€¦. Prabhu ichhaa takâ€¦â€¦!!!!!,,,
0,"Life is too short to be serious all the time. So if you canâ€™t laugh at yourself, call me I will laugh at you ðŸ˜€",,,
0,A really cool feature of the Nano they donâ€™t tell you about is that even beggars ignore you at a traffic signal. Relaxing facility.,,,
0,"You love flowers, but you cut them. You love animals, but you eat them. You tell me you love me, so now Iâ€™m scared!",,,
0,"All person b very careful when u step out today n tomorrow. . They r looking out for bakraâ€™s, Canâ€™t afford to lose any of  u  ðŸ˜€",,,
0,"Men have feelings too. For example, we feel hungry.",,,
0,3 horrible things in life: 1) Slow Internet. 2) Slow Internet. 3) Slow Internet.,,,
0,My teacher today gave 45 minute speech about not wasting time.,,,
0,"Women loves shoes bcz no matter how much & whatever they eat, the shoe always fits :p",,,
0,Never laugh at your wifeâ€™s choices. ..you are one of them â€¦,,,
0,"Thank God there is No Hindi version of WhatsApp otherwise ""Last Seen"" would be ""Antim Darshan"" .",,,
0,Hey there! Iâ€™m using my brain.,,,
0,I put my heart n soul into my work and lost my brain in d process,,,
0,"Getting married is a lot like getting into a tub of hot water. After you get used to it, it ainâ€™t so hot.",,,
0,"Sorry about those texts I sent you last night, my phone was drunk.",,,
0,"When a bird hits your windshield, have you ever wondered if God is playing angry birds with you?",,,
0,Taking your ex back is like going to the junk yard and buying back your own crap.,,,
0,I donâ€™t know why I keep a plastic bag at home full of plastic bags.,,,
0,I work out everyday I do 1 sit-up every morning when I wake up.,,,
0,One wise guy invented Whatsappâ€¦ and his wife added last seen feature ðŸ™‚ ,,,
0,I wish I had Google in my mind and antivirus in my heart.,,,
0,(-_-) x 1.3 Billion people = China,,,
0,Youâ€™re beautiful until your Photoshop 30 day trial has gone.,,,
0,"When you wait for a waiter in a restaurant, arenâ€™t you a waiter?",,,
0,I love my six packs so much; I protect it with a layer of fat.,,,
0,WARNING!! I know karate â€¦..and some other words!!!,,,
0,I Wish My Parents Were Like Google. They Should Understand Me Even Before I Complete.,,,
0,Watching PKâ€¦ After PK..!!,,,
0,A man says a lot of things in summer he doesnâ€™t mean in winter.,,,
0,I Wonder What Happenâ€™s When Doctorâ€™s Wife Eats An Apple A Day ðŸ˜‰,,,
0,"Study economics-when youâ€™re unemployed, at least youâ€™ll know why.",,,
0,"Hey there, Iâ€™m using 123whatsappstatus.com!",,,
0,Women- Godâ€™s version of Rubik cube.,,,
0,"Tum mujhe â€˜Hmmmâ€™ do, main tumhe â€˜Kâ€™ dunga",,,
0,"SI unit of ignorance = ""online""",,,
0,"Hey there, Iâ€™m using my parents.",,,
0,"Donâ€™t use bathroom in your dream, Itâ€™s a set-up.",,,
0,"There are 3 types of people in the world- vegetarian, non-vegetarian & Tuesday Saturday.",,,
0,"My laziness is like 8, when I lie down it becomes infinity ðŸ˜€",,,
0,"Accept that some days you are the pigeon, and some days you are the statue.",,,
0,"WhatsApp free hai, main nahi. ",,,
0,Nobody is perfect. Even dettol kills only 99.9% of germs!,,,
0,"Iâ€™m on a sea-food diet, I see food, I eat it!",,,
0,Exams in the university are closer than they appear.,,,
0,Decided to burn lots of calories today so I set a fat kid on fire:-D,,,
0,I remember when my old Nokia phone said I had low battery it meant that I had 2 days to find a charger. :â€™),,,
0,What if girls can read mindsâ€¦ Every second a boy gets slappedâ€¦,,,
0,"I have come to the conclusion that Google must be female, as she has the answer to everything!",,,
0,"Girls are like police. Even when they get a hold of all the evidence, they still want to hear the truth from you.",,,
0,"Mirrors donâ€™t lie. Lucky for you, they donâ€™t laugh either.",,,
0,"If you love someone set them free. If they come back, set them on fire.. ðŸ˜‰",,,
0,When someone hates you for no reason. Give them a reason ðŸ˜›,,,
0,Non-urgent calls only!! :p,,,
0,Sometimes I think to write LOL at the end of every answer in exams,,,
0,"I donâ€™t care what people say or think about me, at least am attractive to mosquitoes ðŸ˜›",,,
0,"Iâ€™m not sad for being single. Rather Iâ€™m thinking about her, who is single because of me.",,,
0,"Not always available, try your luck ðŸ˜‰",,,
0,I think Uruguayâ€™s Luis Suarez is the man to bit the Appleâ€™s logo,,,
0,The average millionaire goes bankrupt at least 3.5 times. I have gone 2 times. Pretty Close,,,
0,55% of people will yawn after reading the word â€œyawn.â€,,,
0,Typingâ€¦,,,
0,Oh! Game over and you lost me ðŸ™‚,,,
0,You can do anything but not everything ..,,,
0,Three Mistakes Of My Life : WTF (Whatsapp Twitter Facebook),,,
0,Hey there WHATSAPP is using me !!,,,
0,"Waiting for ""Ache Din""",,,
0,"Dear math, Iâ€™m tired finding your ""X"" DUDE she is gone, Please Move on Bro. !",,,
0,NAMO (MODI) victory has proved that a man can succeed only when his mother is near and his wife is awayâ€¦,,,
0,The word EXAMS make me sick without PAIN.,,,
0,"My koochi my poochi please get my Gucci, Even if you have to sell all your blood.",,,
0,"In todayâ€™s world u donâ€™t have to b smart, only your smartphone should be smart.",,,
0,Mera status dekhkar aapko kya mila? BABAJI KA THULLU ?,,,
0,We have a history together â€¦â€¦and English and French alsoâ€¦.. ðŸ™‚,,,
0,I am in a relationship with studies and itâ€™s complicated.?,,,
0,"Some people just need a High-Five, on the face.",,,
0,"I prefer work smarter, Instead of harder",,,
0,My Condolences for confused in love and for broken Heart,,,
0,"Act crazy, donâ€™t regret, do things you would never ever do because life is short so live it up! ðŸ™‚",,,
0,I hate that people who fart silently in public,,,
0,"My phone is on airplane mode, WTF itâ€™s not flying!",,,
0,"After marriage, the other manâ€™s wife looks more beautiful.",,,
0,Team work is important; it helps to put the blame on someone else.,,,
0,Life is beautifulâ€¦ from Friday to Monday.,,,
0,"I will marry the girl, who look pretty in her Adhaar card ",,,
0,"I never forget a face, but in your case Iâ€™ll be glad to make an exception.",,,
0,Being underestimated always serves as an advantage!! ,,,
0,"Confession is good for the soul, but bad for your career.",,,
0,"Isnâ€™t it scary that doctors call what they do ""practice""?", PO Box 5249," MK17 92H. 450Ppw 16""",
0,Two peanuts were walking into a tough neighborhood and one of them was a-salted.,,,
0,"Never make the same mistake twice, There are so many new ones.",,,
0,Someday short people are gonna unite and take over the world.,,,
0,"I have flabby thighs, but fortunately my stomach covers them.",,,
0,Installing love. â€¦â€¦44%. Installation failed. Error 404: install money first.,,,
0,Kids born in 2000 never have to worry about forgetting how old they are.,,,
0,"Vegetarians, if you want animals to live, why do you eat their food.",,,
0,Bungee jumping is suicide with strings attached!,,,
0,"If the stuff that comes out of my mouth upsets you, just think of all the things I keep to myself.",,,
0,if your dog barks nd ememies laugh take it serious,,,
0,Bye bye Everybody bye bye USA,,,
0,"People say you cant live without love, but I think oxygen is more important.",,,
0,I love being married. Itâ€™s so great to find that one special person you want to annoy for the rest of your life.,,,
0,"Iâ€™m take a nice long shit, so donâ€™t stress me !",,,
0,Happiness is homemade.....,,,
0,Smile and the world smiles with you.,,,
0,DON'T FoRGet To Smile.,,,
0,A smile is a curve that sets everything straight.,,,
0,"When life gives you a hundred reasons to cry, show life that you have a thousand reasons to smile.",,,
0,"Smile and let everyone know that today, youâ€™re a lot stronger than you were yesterday.",,,
0,The purpose of life is to enjoy every moment.,,,
0,Learn to make yourself happy.,,,
0,SMile! every minute of the day.You never know who is falling in love with it.,,,
0,Aspire to Inspire before you expire,,,
0,A fake smile can hide millions of tears...,,,
0,LIFE IS BEAUTIFUL *Conditions Apply* ,,,
0,COUNT blessings NOT problems.,,,
0,Every time You smile I smile.,,,
0,YOU know what's beautiful? Read the first word again.,,,
0,Happiness is a perfume you cannot pour on others without getting a few drops of yourself.,,,
0,Be happy for this moment is your life.,,,
0,Let your smile change the world But don't let the world change your smile.,,,
0,"The best feeling in the world is when the person you like, likes you back.",,,
0,Smile is the best medicine in the word . . . . . so please keep smile,,,
0,One of the keys to happiness is a bad memory.,,,
0,"Expand your happiness by sharing it with. The larger a rainbow, the more brightly it shines.",,,
0,"Smiling is infectious, you can catch it like the flu. Someone smiled at me today And I started smiling too.",,,
0,"The more anger towards the past you carry in your heart, the less capable you are of loving in the present.",,,
0,Happiness is not something you postpone for the future; it is something you design for the present.,,,
0,"Brain and Beauty doesn't make you best in the world, but how beatiful your THOUGHTS to beautify this world.",,,
0,Always believe that something wonderful is about to happen.,,,
0,"Next time when you think about a wonderful & beautiful thing in life, don't forget to include YOURSELF in it.",,,
0,"HAPPINESS is not determined by what is happening around you, but rather what is happening inside you. Most people depend on others to gain HAPPINESS,but the truth is, it always comes from within...",,,
0,When you finally let go of the past something better comes along.,,,
0,Noboday can take away your PAIN... so don't let anyone take aways your HAPPINESS.,,,
0,"Simply seek happiness, and you are not likely to find it. Seek to create and love without regard to your happiness, and you will likely to happy much of the time.",,,
0,"Dear whoever is reading this... You're beautiful and someone out there is crazy about you. SO, SMILE! Life is too short to be happy.",,,
0,The best way to cheer yourself up is to try to cheer somebody else up.,,,
0,LIVE for the moments you can't put into words.,,,
0,"As soon as you TRUST yourself, you will know how to live.",,,
0,"Enjoy the little things in life, for you'll one day look back and realize they were the big things.",,,
0,No one is the reason of your happiness expect you yourself.,,,
0,The most important things in life aren't things.,,,
0,"Why waste you time getting hurt by someone, when there's someone else out there waiting to make you happy?",,,
0,When life gives you a hundred reasons to cry show life you have a thousand reasons to smile,,,
0,"Do not let your past rob your future. Each new day is a chance to make a new beginning. Count your blessings, live with gratitude and love with all your heart",,,
0,I can always make you smiling.,,,
0,Iâ€™m wearing the smile you gave me.,,,
0,Happiness means you. I Love You.,,,
0,Be the reason someone smiles today.,,,
0,"Smile and forgive, it's the only way to live.",,,
0,"Next time when you think about a wonderful & beautiful thing in life, don't forget to include YOURSELF in it.",,,
0,"The lower you set your expectations of people, the less it hurts when they disappoint you.",,,
0,To be beautiful means to be yourself. You don't need to be accepted by others. You need to accept yourself.,,,
0,"Strong people know how to keep their life in order. Even with tears in their eyes, they still manage to say ""I'm ok"" with a smile.",,,
0,Think big thoughts but relish small pleasures.,,,
0,Happiness is not ready made it comes by our own actions. ,,,
0,The secret of happiness is doing what you love. The secret of success is loving what you do.,,,
0,"If you cannot be a pencil to write anyone's happiness, then yous hould at least try to be a nice rubber to erase someone's sadness...",,,
0,"You know life is worth the struggle when you look back on what you lost, and realize what you have now is much better than before.",,,
0,My Real Smile Comes when i am with you.,,,
0,Youâ€™re the reason behind my smile.,,,
0,A lot of people end up unhappy because they make permanent decisions on temporary emotions.,,,
0,So many of my smiles begin with you.,,,
0,Happiness is when â€œLast seen atâ€ changes to â€œonlineâ€ and then to â€œtyping..â€,,,
0,The happiness of your life depends on the quality of your thoughts.,,,
0,We're so busy watching out for what's just ahead of us that we don't take time to enjoy where we are.,,,
0,"Be thankful and count your blessings for what you have, rather than what you want.",,,
0,"In order to live well, you must makes a conscious decisions to be happy! Don't let the liitle things in life ruin your day.",,,
0,SMILE It will make you look better.PRay It will keep you strong LOVE It will make you enjoy life.,,,
0,I am always satisfied with the best. ,,,
0,Train your mind to see good in everything.,,,
0,Smile! It is the second best thing you can do with your lips.,,,
0,Happiness isn't a destination. It's the journey you choose to take.,,,
0,Spread more love than hate.,,,
0,"You can't buy happiness, but you can buy ice cream. and that's kind of the same thing.",,,
0,"Sometimes your existence give hope to one person or your smile make someone else smile,so value yourself.",,,
0,"I slept and dreamt that Life was joy. I woke & saw that life was service. I acted and behold, service was joy.",,,
0,A good laugh and a long sleep are the best cures for anything.,,,
0,Every day we are given is a gift and we should treat it that way.,,,
0,The happiness of your life depends upon the quality of your thouhts.But the quality of your thoughts depends on the persons whom you meet in your life...,,,
0,"Never miss an opportunity to make others happy, even if you have to leave them alone in order to do it.",,,
0,Cry. Forgive. Learn. Move on. Let your tears water the seeds of your future happiness.,,,
0,I have Many problems in my life...But My lips don't know that' They Always Smile..,,,
0,Deal with your problems before they deal with your happiness.,,,
0,"Choose your thoughts carefully. Keep what brings you peace, release what brings you suffering. And know that happiness is just a thoughy away!",,,
0,Theres no fun in a perfect life. So make a risk . Take a chance. Go where the mind takes you.Have fun.,,,
0,Laugh alone and the world thinks you're an idiot.,,,
0,"I am stronger because I had to be, I am smarter because of my mistakes, happier because of the sadness I've known and now wiser because I learned.",,,
0,"Sometimes the greatest gifts in life are the ones you cannot see, but the one you can feel.",,,
0,When you think you're not happy with youe LIFE always think that someone is happy simply because you EXiST.,,,
0,"Faith keeps you strong. Love keeps you whole and happiness keeps you alive. So don't be a downer! Be happpy, be strong, be free, be alive.",,,
0,Don't let the sadness of your past and the fear of your future win the happiness of your present.,,,
0,Smile in front of people who hate youâ€¦ Ur happiness kills themâ€¦,,,
0,If you aren't happy with being single you will never be happy in relationship. get your own life fist then share it.,,,
0,"Don't wait for the good days, just live the bad days as good as possible! ",,,
0,"You don't need a boy to keep you happy, all you need is to be yourself!",,,
0,"I hate when people say they miss you,but donâ€™t make a effort to speak to you or see you. !!",,,
0,In order to stay happy in life you have to get rid of the things that make you unhappy.,,,
0,"The key to achieve inner happiness is to strive to make someone else happy, Instead of trying to make yourself happy all the time.",,,
0,"Laugh when you can, apologize wen you should and let go of what you can't change.",,,
0,Happy people don't necessarily have the best of everything; they must make the best out of everything they have.,,,
0,"Everything in Life happens for a reason, STOP worrying about the reason and just LIVE for what HAPPENS!",,,
0,Love what you Have. Want what you Need. Accept what yoru Recieve. Give what you Can. Forgive what you Can't. Bless what you See. BE THE LIGHT.,,,
0,"Whatever makes you feel bad, leave it. Whatever makes you smile, keep it.",,,
0,And when you smile the whole world stop & stares for a while .,,,
0,As long as you are looking back on the past you will never see what's ahead in.,,,
0,There is no begining or end to your dreams or plans. Life is journey from moment to moment. Live each moment to its fullest.,,,
0,Smile and others will smile back,,,
0,Kindness is the most meaningful form of progress.,,,
0,Play the moments. Pause the memories. Stop the pain. Rewind the happiness.,,,
0,"One of the simplest ways to stay happy is to let go of
all of the things that make you sad.",,,
0,Naughty by Nature. Wild By Choice.,,,
0,"The key of my happiness, just forgetting my past.",,,
0,I believe in love and marriage but not necessarily with the same person.,,,
0,Without Her Permission I Will Touch Her Only To Wipe Her Tears..!,,,
0,I'm easy. Are you?,,,
0,KISS ME.. I am Magically Delicious.,,,
0,"I finally realized this, I need you more than I thought.",,,
0,A secret is what you tell everyone not to tell anyone else.,,,
0,Never place the key of your happiness into a pocket of another.,,,
0,"Happiness temporarily escapes into the wilderness sometimes, but it returns to fill your soul.",,,
0,The inner soul indulges in your true happiness. Feed it.,,,
0,Donâ€™t analyze happiness. Let it flow without analyzing the rationality of it.,,,
0,"Most people chose to be certain that they are in a miserable state, rather than leaping into the risk of being happy.",,,
0,A way to spark of your soul journey into happiness is sparking light into anotherâ€™s happiness.,,,
0,"We should quit trying to be happy, we missing out on the good times!",,,
0,Birthday Quotes for Boyfriend,,,
0,Happiness sparks off once one has mind settled but then sparks all over in random spurts.,,,
0,"Not many wish to share in your misery, but all indulge in your happiness.",,,
0,"Happiness cannot be commanded from a life program, just delete unhappy brands blocking access paths.",,,
0,Laughing without cause are passionate expressions of true happiness.,,,
0,Apology Quotes â€“ Apologize Quotes,,,
0,Tune into happiness with that life song on happy melodies.,,,
0,You do not have to be officially certified and graduated to earn happiness.,,,
0,Count your troubles away and delve into countless joys.,,,
0,Do not start to be aware of what a wonderful life you had in the past tense. Awaken to it in the present.,,,
0,Birthday quotes for boyfriend,,,
0,"Happiness is not miles away; it is right by your side, clinging to you to grasp it.",,,
0,The moment of exploring in anticipation is a clinch of happiness beyond the final cave of it.,,,
0,"Differing self-fulfillment paths are taken. Just because others are not on the same road, does not mean they are lost.",,,
0,"Questioning what brings happiness is difficult to answer. Wealth has failed. Poverty has failed. Sadness and happiness are parallel trails. Each time you pause, one of them intervene your space.",,,
0,"All attempt a reversal in the life puzzle, they begin by trying to build more wealth and assets to be happy. The correct path is first to find your true happiness in order to grow into abundance.",,,
0,New Relationship Quotes,,,
0,Man strives to be happy leaving his pathway to happiness impossible.,,,
0,Serve your happiness wants elegantly on yourself.,,,
0,Reap and enjoy your happiness harvest.,,,
0,Hold your head high and straighten up shaking depression bubbles to air away.,,,
0,"Crush quotes, crushing quotes",,,
0,"Pleasure on earth comes in stray packages, waiting to be seized.",,,
0,Donâ€™t fade away precious moments making up your mind about being happy. It is about letting go!,,,
0,Happiness is a realm of true courage.,,,
0,"It is not fit to bear burdens of great joy, seep into tranquil pleasure.",,,
0,"Happiness is not about finally getting something we desired, it is about appreciating what we already have.",,,
0,Compassion is the key to the happiness of others and your own.,,,
0,Happiness is a seed that roots into a blooming bliss.,,,
0,"There are moments now and again when all in the world is just so right, a gentle heavenly wave on a soul journey.",,,
0,A happy childhood never expires and can be embraced at any time.,,,
0,Happiness is good health with a poor memory that eliminates all the lifeâ€™s failures.,,,
0,"Love, laughter, health, abundance and a tinge of luck â€“ The Joy of happiness!",,,
0,Happiness is the by-product of a goal.,,,
0,"Happiness is not a location, it is a direction.",,,
0,Outward beautification needs a soul happiness expression to resonate.,,,
0,The true cosmetic for beauty is happiness.,,,
0,One that is happy will devour enjoyment of the scenery on a detour route.,,,
0,Be one happy person. This is a true formula to stay happy.,,,
0,One obstacle kerbing happiness is expecting too much of it.,,,
0,Sculpt away misery engraving happiness into your golden flame of life.,,,
0,Happy thoughts are seeds that sow positivity in abundance.,,,
0,Happiness is an ideal of imagination and not reason.,,,
0,A heart filled with joy has more worth than a pocket of coins.,,,
0,Happiness is not limited in one direction and spreads to all life quarters.,,,
0,A satisfaction overdose leaves you bloated in happiness.,,,
0,One loses happiness when wishing for more happiness.,,,
0,Avoid misery by having sufficient leisure to wonder about your state of happiness.,,,
0,"All have a basic right to pursue happiness, just grab it as it waits in your path. Or create the happiness you desire.", the person is definitely special for u..... But if the person is so special, why to miss them," just Keep-in-touch\"" gdeve.."""
0,Bliss comes to those who are not on a chase for it. Chasing it will be a futile and exhausting path.,,,
0,The root of unhappiness is a futile search for gaining happiness.,,,
0,Being content is a blessing that is not disguised.,,,
0,Happiness is a nest of love.,,,
0,Do not postpone happiness. It is not a temporary phase but interwoven with eternal blessings.,,,
0,"We are in no position to be in control of the world, but we can control our reactions to our life encounters. Choose happiness.",,,
0,Happiness prevails in the present and revives each new day in its presence.,,,
0,Happiness is a form of spiritual and harmonious spring you do not want to stop the feeling.,,,
0,A good exercise is to jump for joy!,,,
0,Happiness is a joyful feast even if the first course was misery that had to be gulped away.,,,
0,Enjoy the sound of a centered soul in the harmonious bliss of happiness.,,,
0,"On the route to happiness, many get detoured in the curved direction.",,,
0,Happiness is contagious; sparking it off for one will spread the glow to many.,,,
0,Happiness needs to spread its wings and grow into every facet and not enclosed a clung perception of a limited enclosure.,,,
0,Happiness is ordinary and everyday consciousness without a concentration on the self concern.,,,
0,The greatest gift to those who love us is simply being happy.,,,
0,"You may not always be happy, but can always spread happiness.",,,
0,Happiness is not ruined in moments of great catastrophes but a repetition of minute habits.,,,
0,A twinge of happiness scatters a mass multitude of grief.,,,
0,Happiness has to be produced to be consumed.,,,
0,You are only as miserable as you perceive to be. Misery is created with seeds sprouted in thoughts of negativity.,,,
0,Happiness is the core of wisdom.,,,
0,Happiness is the task of the inner soul.,,,
0,Unhappiness is aspiring on a lost cause to get unknown wants.,,,
0,"Be happy in the present, or happiness will cease.",,,
0,Happiness has no attached price tags.,,,
0,"In a state of calmness and serenity, inner peace overwhelms painful outer experiences.",,,
0,"Happiness clustered is limited, but letting go will expand the preciousness of it.",,,
0,Valuing the joy and merit of others will lead to happiness.,,,
0,"Without pain, you will not know happiness.",,,
0,"Happiness is about your thoughts, messages and actions are in order.",,,
0,"Happiness is not about owning, earning or consuming, it is gratitude, love and grace in a spiritual reality.",,,
0,Gathering crumbs of happiness which creates a full loaf of contentment.,,,
0,Happiness is harmony between men on the course of his life.,,,
0,Happiness is not about having a troubled mind or a pain in the body.,,,
0,What we need to make us happy is to be enthusiastic about an aspiration.,,,
0,Happiness occurs naturally and seldom is a result of circumstances.,,,
0,"Where there is joy, pain melts away.",,,
0,"Unhappiness can either be unwholesome food, severe labor or erring life habits.",,,
0,Many people miss out on the bliss of happiness as they did not stop to embrace and enjoy it.,,,
0,Being grateful to those that harvest our garden of happiness makes our soul blossom.,,,
0,"For every one minute of anger, sixty seconds of happiness is lost.",,,
0,Happiness is a choice that is conscious and not an automated response.,,,
0,"To be useful is to be happy, and all else, incidental.",,,
0,Counting all the blessings is a paramount key to unlock the door of happiness.,,,
0,Happiness is a soul journey.,,,
0,"The past is gone; the future is not yet here, so we need to embrace the present.",,,
0,"The best route of awareness is a realization of knowing that your problems are actually your own and there is no point in blaming them on family, the government or the pastor who prayed with you, bringing no results of springing happiness. You are in control of your destiny.",,,
0,The happiest in the world are those who fully love themselves and accept the responsibility of every life aspect.,,,
0,Optimism is a magnet of happiness. Staying positive will attract all the best for you.,,,
0,Practicing true compassion brings immediate happiness that is long lasting.,,,
0,Happiness is living each day as if it is your first honeymoon day and last vacation day.,,,
0,Happiness is about choice. Most are as happy as they chose to be.,,,
0,We must learn to let go of the life we carefully planned and motion with the life waiting in our pathway.,,,
0,"Freedom is by doing what you prefer to do, but happiness is about liking what you have chosen to do.",,,
0,Spending a lifetime anticipating and preparing for a storm will seize moments to lay back and devour the sunshine.,,,
0,"Each day is a new beginning, a new chapter to start afresh in a new spark. Forget about what did not happen or focus on what can be.",,,
0,"Do not aim to be better than the other person, but aim to better yourself.",,,
0,"Happiness is not a piece of a lost puzzle, it is self-created.",,,
0,Choose to live life as the miracle is in everything around you.,,,
0,"If you chase happiness it eludes you, but just like a butterfly, it will rest on your shoulder if you are not pursuing to capture it.",,,
0,To be happy does not mean that all is perfect. It means that you have chosen to look beyond any imperfections.,,,
0,"Whether it is anger, frustration, jealousy or joy, they are all universe gifts for our enjoyment or growth.",,,
0,"The journey of life should be one you fall in love with and once you love this journey of life, you will always be in love with life.",,,
0,"Happiness is a direction, not a place. The only thing that will make you happy is being happy with who you are",,,
0,Happiness is letting go of what you think your life is supposed to look like,,,
0,Success is not the key to happiness. Happiness is the key to success.Â ,,,
0,"If you want to be happy, set a goal that manages your thinking, expresses your strengths, and inspires your hopes",,,
0,Figure out how to esteem yourself which means battling for your satisfaction,,,
0,"Not he who has much is rich, but he who gives much",,,
0,"If the only tool you have is a hammer, you tend to see every problem as a nail",,,
0,You may also like Best Attitude status quotes for WhatsApp,,,
0,Distance between madness and talent is measured only by success,,,
0,Never confine yourself to the limited imagination of others; Never limit yourself to others because of your limited imagination,,,
0,Happiness is not something ready-made. It comes from your own actions,,,
0,Happiness is not a goal; it is a by-product,,,
0,The pursuit of happiness is one of the main sources of hunger,,,
0,"When you love what you have, you have everything you need",,,
0,"To succeed in life, you need two things: ignorance and confidence",,,
0,Donâ€™t wait. The time will never be just right,,,
0,"After every difficulty, ask yourself two questions: â€œWhat did I do right?â€ and â€œWhat would I do differently?",,,
0,Donâ€™t brood. Get on with living and loving. You donâ€™t have forever,,,
0,Doing the best at this moment puts you in the best place for the next moment,,,
0,Lifeâ€™s real failure is when you do not realize how close you were to success when you gave up,,,
0,"If youâ€™re going through hell, keep going",,,
0,Happiness is where we find it but rarely where we look for it,,,
0,Be miserable. Or motivate yourself. Everything you have to do is always your choice,,,
0,The first step to success is refusing to be a prisoner of the environment when you first find yourself,,,
0,Donâ€™t miss: + Awesome status in English,,,
0,Attitude is as important as the ability for success,,,
0,Judge your success by what you had to give up in order to get it,,,
0,Spread love everywhere you go. Let no one ever come without leaving happier,,,
0,There is no cosmetic for beauty like happiness,,,
0,"Happiness is when what you think, what you say and what you do are consistent",,,
0,The happiness of your life depends upon the quality of your thoughts,,,
0,"Happiness always looks small while you hold it in your hands, but let it go, and you learn at once how big and precious it is",,,
0,Ups and downs. Victories and defeats. Sadness and happiness. Thatâ€™s the best kind of life,,,
0,Action is the key to all success,,,
0,Victory is sweetest when youâ€™ve known defeat,,,
0,Success is simple. Do the right thing at the right time,,,
0,Your work is to discover your world and then with all your heart,,,
0,"Achievement, as a rule, goes to the individuals who are excessively occupied for it",,,
0,Success is largely a matter of holding on after others have let go,,,
0,Start where you are. Use what you have. Do what you can,,,
0,"Success seems to be connected with action. Successful people keep moving. They make mistakes, but they donâ€™t quit",,,
0,"embarrassed by your failures, learn from them and start again",,,
0,"I canâ€™t give you the formula for success, but I can give you the formula for failure which is: Try to make everyone happy",,,
0,Success is going from failure to failure without losing enthusiasm,,,
0,"If you think a simple task is powerful, just keep going",,,
0,The successful man is the one who finds out what is the matter with his business before his competitors do,,,
0,"You have to learn the rules of the game. At that point, you need to play better than any other person",,,
0,"Amateurs sit and wait for inspiration, the rest of us just get up and go to work",,,
0,Donâ€™t interfere with what you canâ€™t do,,,
0,Life isnâ€™t about finding yourself. Life is about creating yourself,,,
0,Success is about how high you jump when you hit the bottom,,,
0,Ever tried. Ever failed. No matter. Try Again. Fail again. Fail better,,,
0,What seems to us as bitter trials are often blessings in disguise,,,
0,"Your attitude, not your aptitude, will determine your altitude",,,
0,"The successful warrior is the average man, with laser-like focus",,,
0,My real smile comes out when i am with you â™¥,,,
0,Love + Trust + Honesty = Long Lasting Relationship.,,,
0,"""Life is not about who hurt you and broke you down. It's about who was always there and who made you smile again """,,,
0,"I can see the future , Let me give you a Clue , it's "" ME + U """,,,
0,Sometimes words are not enough.,,,
0,"A Man who truly loves you will be angry at you for so many things, but will never leave you.",,,
0,"Love is sweet when its new, but sweeter when its true.",,,
0,"Love is blind, Be careful",,,
0,The best love story is when you fall in love with the most unexpected person.,,,
0,Its nice when someone cares about you as much as you care about them.,,,
0,"Dude,you are lucky, you got her. She is YOURS. So step up, treat her right or she wont be yours for long.",,,
0,Just seeing your smile makes me feel better inside.,,,
0,"LOVE Is The other Name ofRespect,If You Can't Respect Your LovedOne,....Then You Don't Deserve to BeLoved",,,
0,Every girl needs a good guy who can help her laugh when she thinks she will never smile again,,,
0,"A Memory of true Love is like a favorite Song, no matter how many times it plays again, You never get tired of it.",,,
0,"Every GIRL deserves a boy who can change her LIFE, not only her relationship status.",,,
0,"I don't need a perfect relationship, I just need someone who won't give up on me.",,,
0,"Because of you, I laugh a little louder, cry a lot less, and smile a lot more.",,,
0,Call me old fashioned but i actually take relationships seriously.,,,
0,Love is sweet when it's new. But it is sweeter when it's true,,,
0,"I hate it when Facebook's always asking me what is on my mind, coz it's always you. and I won't share you. â™¥",,,
0,Relationships takes two people . Not one person being faithful and another acting single .,,,
0,Sitting alone and enjoying your own company is better than being surrounded by fake people.,,,
0,"Everybody knows how to love, but only few people know how to stay in love with one person forever.",,,
0,"If you love her, dont ever make her cry.",,,
0,Its nice when someone cares about you as much as you care about them.,,,
0,"I may not be perfect, but I am original.",,,
0,Communication+Trust = A relationship that will last a lifetime.,,,
0,"i just want a cute, long lasting relationship.",,,
0,A single text from you can change my mood at any moment.,,,
0,"Relationships are like drugs, they either kill you, or give you the best feeling of your life.",,,
0,A day without you is always incomplete.,,,
0,"First you care, then you get hurt.",,,
0,"Good relationships don't just happen. They take time, patience, and two people who truly want to be together.",,,
0,"In every girl's life, there's a boy she'll never forget; In every boy's life there's a girl he can never get â™¥",,,
0,"Relationships start with ""Can we talk?"" and end in ""We need to talk"".",,,
0,I love it when you hold me like you will never let me go.,,,
0,Even though we are million miles away. We will always be together.,,,
0,I get mad because i care.,,,
0,"Love doesn't depend on sight or sound, just heart beats.",,,
0,"I want vitamin ""U""",,,
0,"Your girlfriend is gorgeous and loyal. Why flirt with other girls? Why cheat? It's like throwing away a diamond, and picking up a rock.",,,
0,My heart is perfect because.. you are inside.," HOWU DOIN? FOUNDURSELF A JOBYET SAUSAGE?LOVE JEN XXX\""""",,
0,I want an honest relationship. no secrets. no lies. no cheating.,,,
0,"Whatever the question, the answer is love.",,,
0,The happiest couples never have the same character. They have the best understanding of their differences...,,,
0,Nice Lips . . . Can i kiss them ? â™¥,,,
0,"saying ""I've moved on!"" but still feeling something when suddenly see the person",,,
0,Best relationships usually begins UNEXPECTEDLY,,,
0,A Broken heart is what Changes People.,,,
0,i will never hurt you is one of the most popular lies.,,,
0,"It's crazy how you can go months or years without talking to someone, but they still cross your mind everyday",,,
0,"IF you really love that person, you wouldnt even think about cheating on them.",,,
0,"Make a relation with someone, who is not only proud to have you but will take every risk to be with you..:)",,,
0,I won't give up on us â™¥,,,
0,"""Real men don't date the most beautiful girl in the world, they date the girl who makes their world the most beautiful.""",,,
0,"Beauty isn't about having a pretty face. It's about having a pretty mind, a pretty heart, and a pretty soul.",,,
0,Distance means nothing when someone means everything.,,,
0,"""â€œIf you judge people, you have no time to love them.â€ - Mother Teresa""",,,
0,I m in love with you.,,,
0,"Cheer up, sweet beautiful girl you are going to love again and it will be magnificent.",,,
0,"Sometimes love is like a cactus. The tighter you try to hold on, the more it hurts.",,,
0,We are more than friends but less than a couple.,,,
0,"My ""Heart"" is always your!",,,
0,"A true relationship is having someone who accepts your past, supports your present, loves you and encourages your future.",,,
0,"i love you, but i hate the way you act sometimes.",,,
0,The hardest thing is not talking to someone you used to talk to everyday.,,,
0,You don't mean ANYTHING to me... you mean EVERYTHING to me...,,,
0,Distance is just a test to see how far love can really go.,,,
0,Behind every beautiful girl is the ugly relationship that made her scared to love again.,,,
0,Just because we're not close anymore doesn't mean I don't care about you.,,,
0,"Relationships where you just sit around doing nothing,but still have fun because you're together. â™¥",,,
0,"Donâ€™t Make Me An Option, When Iâ€™ve Made You My Priority.",,,
0,"My love for you is like a circle, it has no end.",,,
0,"3 main rules in relationships: Dont lie, dont cheat and dont make promises you cant keep.",,,
0,"Dear Ladies if he takes time to argue with you, he cares about you more than you think.",,,
0,"We met, we talked, we liked, we called, we texted, we dated, we committed, I loved, you cheated, we're done, you're deleted.",,,
0,"A real boyfriend never ""gives up"" on his girl. He fights for her .",,,
0,There is always someone who loves you more than you know.,,,
0,"I'm loyal, but it always seems like I'm loyal to the wrong people.",,,
0,"When people get suspicious, trust disappears.",,,
0,Love yourself first and everything else falls into line.,,,
0,"You are every reason, every hope and every dream I've ever had.",,,
0,"True love doesn't have a happy ending,because True love never ends....",,,
0,"Looks aren't everything. Find a heart that will love you at your worst , & arms to hold you at your weakest. â™¥",,,
0,"""Girls want a guy who say "" i love you "" every night and proves it every day .""",,,
0,"If you were thinking about someone, while Studying you're definitely in Love.",,,
0,A relationship will only go as far as you both want it to.,,,
0,"Maybe we donâ€™t have a Perfect Relationship. We fought, argue, cry, commit mistakes. But we have Similarities, weâ€™re both Love each other.",,,
0,"Texting is fine, calling is okay. But being with you is the best.",,,
0,True Love = No doubts + No jealousy + No worries then life is good.,,,
0,"I'm not ignoring you, I'm just waiting for you to talk to me first.",,,
0,"My ""last seen at"" was just to check your ""last seen at"".",,,
0,"I need someone who will actually stand by my side, no matter what mood i am in .",,,
0,why jump into a reationship if your clearly not over the last one? thats not fair to the other person,,,
0,I enjoy every moment I spend with you.,,,
0,"Love when you're ready, not when you are alone.",,,
1,"Never hurt people who love you a lot, because they wonâ€™t hurt you back. But theyâ€™ll probably have no choice but to leave you foreverâ€¦",,,
1,"Donâ€™t expect me to tell you what you did wrong. If you canâ€™t figure it out yourself, then you are not ready to correct it,cos you did not know it was a mistake.",,,
1,I preferred walking away than fighting for you not because you were not worth fighting for but because you never asked me to stayâ€¦,,,
1,"Moving forward in life isnâ€™t the hard part, itâ€™s leaving behind someone, you thought was meant to move forward with you ðŸ™ ðŸ™",,,
1,"Never cry for anyone in your life, because those you cry for donâ€™t deserve your tears and those who are deserving will never let you cry.",,,
1,Seven billion people on this planet and I have 2 friends,,,
1,I know you wonâ€™t come back but my heart will take life long time to accept this.,,,
1,"When you are in a habit to talk someone daily, a day without talking to them feels like a year passed",,,
1,Value the person when they are alive donâ€™t cry for them when they are dead.,,,
1,"A magic of songs and sound, When you are happy you just listen the song, but when you are sad you understand the songâ€¦",,,
1,Behind every flirty boy there is a girl who left him alone with no reasons!!,,,
1,"I donâ€™t get tired of loving you. I just get tired of waiting, assuming, hearing lies, saying sorry and getting hurt.",,,
1,"The hardest thing to do is watch the person you love, love someone else.",,,
1,"I will never stop caring, but if you decide to push me away, I will go.",,,
1,It hurts when you have someone in your heart but canâ€™t have in your armsâ€¦.,,,
1,"The more you show your true feelings, the more people find ways to hurt you.",,,
1,Itâ€™s amazing how someone break your heart but you still love them with all little broken pieces.,,,
1,To the less fortunateâ€¦ life is nothing but a tragedy,,,
1,"204 countries, 805 Islands, 7 seas, 7+ Billion people and Iâ€™m single!!!",,,
1,Itâ€™s sad when you realize you arenâ€™t as important to someone as you thought you were..,,,
1,"Some battles have to be fought alone,Some paths have to be crossed alone, so never be emotionally attached with anyone you never know when you have to walk alone.",,,
1,Keep smilingâ€¦ And one day life will become tired of upsetting you,,,
1,Never become a daughter of a house where thereâ€™s no mother ðŸ™,,,
1,One of the biggest mistakes Iâ€™ve ever made was expecting my happiness from others !!,,,
1,"The person who once topped the inbox, now flashes in â€œpeople you may know.â€.!!",,,
1,"Everybodyâ€™s online, except the one I actually want too.",,,
1,"I take words very seriously, and it breaks my heart when I find out that people donâ€™t actually mean what they say.",,,
1,That sad moment when you realize your childhood is over. ðŸ™,,,
1,"Life seems to be running on a road without any shelter, without any sign board & without any destination. ðŸ™",,,
1,Sometimes your voice is the medicine to all my diseases.,,,
1,The worst feeling in the world is knowing that u r no longer that important as u were. ðŸ™,,,
1,Its very eassy to say BUSSY when Someone needs youâ€¦Butâ€¦. Its very hard to hear BUSSY when you need someone !!!,,,
1,"You donâ€™t realise how lonely you r until itâ€™s the end of the day and you have a bunch of things to talk about,but no one to Listen !!!",,,
1,Behind my smile is everything youâ€™ll never understand.,,,
1,"No Matter How Hard I Try, No Matter How Many Relationships I Get Intoâ€¦. It Will Never Replace The One I Just Lost.",,,
1,"I remember the way u used to look at me â€¦ and now, I notice the way u ignore meâ€¦",,,
1,The most painful goodbyes are the ones that never said and never explained.,,,
1,"Never expect things to happen. Its better to feel surprised,than to feel disappointed",,,
1,I donâ€™t understand why I still cry for you when you donâ€™t even think about me,,,
1,Sometimes itâ€™t not the song that makes you emotionalâ€¦ itâ€™s the people and things that come to your mind when you hear it.,,,
1,"I hate how we went from being strangers, to friends, to close friends, to almost sumthing more, to nothing ðŸ™",,,
1,I donâ€™t think you know what you are doing to me.,,,
1,"Me and She makes best couple, but her dad always create trouble ðŸ™",,,
1,If I had one single wishâ€¦ I would go back to the moment we kissed ðŸ™,,,
1,Sadness is when â€œlast seen atâ€ changes to â€œOnlineâ€ & again to â€œlast seen atâ€ without reply,,,
1,If distance is a solution to reduce complicationsâ€¦ I want to maintain this distance for eternity ðŸ™,,,
1,Tears are the last gift of TRUE LOVEâ€¦..,,,
1,Tired of making fake smile.,,,
1,I didnâ€™t want to be the one to forget.,,,
1,Itâ€™s funny how other people are willing to do lots of brave things for you.. yet.. you still choose someone who canâ€™t even offer you half of what others could ðŸ™ ðŸ™,,,
1,"Sometimes silence is much better than talking , at least it donâ€™t hurt ðŸ™ ðŸ™ ",,,
1,"Feelings donâ€™t walk away, people do ðŸ™",,,
1,Silence is the most powerful scream,,,
1,The most important part of moving on is letting go.,,,
1,If I die tomorrow u will miss me,,,
1,Donâ€™t cry for the person who doesnâ€™t know the value of your tearsâ€¦,,,
1,"I still care, that â€˜s the problem",,,
1,Please donâ€™t interrupt me while Iâ€™m ignoring you,,,
1,"Missing someone hurts, but whats hurts even more, is knowing that youâ€™r the reason that theyâ€™re gone.",,,
1,"You get no appreciation when you are nice, but people notice when you become bad.",,,
1,"People think Iâ€™m bad when Iâ€™m talking, But When Iâ€™m quiet is when you really have to worry!",,,
1,You will know a personâ€™s heart by the way they treat their pets.,,,
1,It would be so much easier to dissapear..save everyone the trouble..,,,
1,OK for those who are wonderingâ€¦ NO! Iâ€™m NOT OK!.. I have NOT been for a whileâ€¦ I wont be for a long timeâ€¦,,,
1,What breaks my heart into pieces is knowing that you will forget the things that I will remember forever.,,,
1,"Bruises will go away, eventually. Even the pain that caused them will too, but the memory of how it happened wonâ€™t.",,,
1,the worst feeling in the world is when you know that you both love each other but still you just canâ€™t be together,,,
1,I may smile and i may laugh. But deep down my heart is a pain youâ€™ll never guess.,,,
1,"I tell people Iâ€™m OK i tell myself Iâ€™m fine, then i look in the mirror and laugh until i cry because i know it was all just a lie.",,,
1,The more I do not talk to you does not make it any better it just makes my heart break even more everyday.,,,
1,Surrounded by many people who love me..but yet Iâ€™m so alone..why is that? Is it because your the only one not there./li>,,,
1,Emotionally..I am Doneâ€¦â€¦Mentally..I am Drainedâ€¦..Spiritually..I am Deadâ€¦..And Yet Physically..I Smileâ€¦,,,
1,You can crop me out of the pictures we took togetherâ€¦But You can never crop me out of the memories we shared â€¦.,,,
1,One of the worst things that can happen to a person is to be forgotten by someone they will never forget.,,,
1,If the relationship does not make you a better personâ€¦ then you are with the wrong person.,,,
1,Better by far you should forget and smile than that you should remember and be sad.,,,
1,Its mostly the scars that people canâ€™t see that hurt the mostâ€¦.. they also take the longest to heal.,,,
1,I wish i could escape to a place. somewhere where the feelings and thoughts wonâ€™t be able to haunt me.,,,
1,It took seeing what my life is like without you to know that i want you in it. iâ€™m sorry for ever hurting you.,,,
1,Every time I take a step forward in my lifeâ€¦.. I get pushed two steps backâ€¦am I walking backwards?,,,
1,Sometimes what you donâ€™t say is more powerful than what you do say.,,,
1,I smile during the dayâ€¦ I cry during the nightâ€¦. Just hoping the pain will go away.,,,
1,Why is it that when we think we are finally happy we want to break down and cry because we think we donâ€™t deserve it?,,,
1,I can hold back my tears and hide them with a smile but I canâ€™t hide that hole in my heartâ€¦,,,
1,One day you may realise you lost a diamond while you were busy collecting stones.,,,
1,"If love is the best feeling in the world, then why does my heart hurt so much?",,,
1,I like to pretend that i am okay because I do not wanna annoy people with my problems.,,,
1,It`s not always the tears that measure the pain. Sometimes it`s the smile we fake.,,,
1,"Just when you think things are going smoothly and couldnâ€™t get no better, the devil jumps in and screws everything up!",,,
1,i guess what they say is true. everything happens for a reason.,,,
1,"The longer Iâ€™m alone, the more I want it to stay that way..",,,
1,"Its funny how the ones you look up to the most, can be the ones to hurt you the most!",,,
1,"My actions are before blinded eyes, my voice falls on deafened ears.",,,
1,Surrounded by many people who love me..but yet Iâ€™m so alone..why is that? Is it because your the only one not there???,,,
1,Don`t be sad because it`s over. Smile because it happened,,,
1,"Just because I am smiling, doesnt mean my life is perfect.",,,
1,My life isnt perfect but i am thankful for everything i have.,,,
1,The sad moment when you find an old conversation between YOU and Someone you don't talk to anymore.,,,
1,"""A single moment of misunderstanding is so poisonous, that it makes us forget the hundred lovable moments spent together within a minute .""",,,
1,Too much trust sometimes Kills you.,,,
1,My weakness is that I care too much.,,,
1,I canâ€™t trust someone who is friends with everyone.,,,
1,"I knw U Hv Blocked Me, But Still I luv To Watch Ur Blank Profile ðŸ’”",,,
1,"I think Iâ€™m afraid to be happy because whenever I get too happy, something bad always happens.",,,
1,"If you push me away I promise you, you wonâ€™t find me where you left me. My heart is big , but not big enough to deal with people, who decide to love me when itâ€™s convenient for them.",,,
1,"A Lie is a Lie, no matter how big or how small.",,,
1,Tears are the last gift of TRUE LOVE....,,,
1,"Sometimes it feels so good to just sit by yourself,relax and not talk to anyone.",,,
1,Iâ€™m sorry I was not good enough. But i tried to be.,,,
1,"Sorry heart, but I am listening to my brain this time. I know better.",,,
1,I REALLY CARE ABOUT U BUT U CARE ABOUT SOMEONE ELSE WHO NEVER CARE ABOUT U,,,
1,"I'll never hurt you , what a LIE .",,,
1,More expectations break relations,,,
1,"Sometimes when I say: I'm okay. I want someone to look me in the eyes, hug me tight, and say: I know you're not.",,,
1,I feel like everything i do is wrong.,,,
1,Sometimes two people have to fall apart to realize how much they need to fall back together.,,,
1,The smile on my face doesn't mean my life is perfect.,,,
1,It's sad to be happy alone.,,,
1,I hope we meet again.,,,
1,â€œFor some moments in life there are no words.â€,,,
1,U Cant Switch Off Ur Feelings Just Because Other Person Did ðŸ’”ðŸ’”,,,
1,"He is not really mine. We are not really together. But for what its worth, he is and will always be my sweetest whatever.",,,
1,I can feel you forgetting me.,,,
1,"Im loyal, but it always seems like Im loyal to the wrong people.",,,
1,I donâ€™t regret my past. I just regret the time I have wasted with the wrong people.,,,
1,"Sadly, The only way some people will learn to appreciate you, is by losing you.",,,
1,"I dont hate you, I hate what you have done.",,,
1,Seriously boys dont understand how much a little word or move can affect a girl.,,,
1,"The truth is, I`m still waiting for you till now.",,,
1,From outside I am Smiling But It does not mean I am Happy.,,,
1,Bad relationship change good people.,,,
1,"Every time i trust somebody, they show me why i shouldnt.",,,
1,"Things change, but the way you made me feel that never will.",,,
1,"You can miss someone who died , you can miss someone who moved away, but the worst is when you miss someone you see everyday.",,,
1,"Every day, I am acting like I am okay but you'll never know the truth.",,,
1,I like to listen to sad music when I'm sad to make me double sad.,,,
1,"Don't promise when you're happy, don't reply when you're angry, and don't decide when you're sad.",,,
1,The heart was made to be broken.,,,
1,"I feel crappy inside,like something just broke.",,,
1,"Me and my heart, we got issues. Dont know if I should hate you or miss you.",,,
1,One of the worst mistakes you will do is walking away from the person who actually stood there and waited for you.,,,
1,I will wait till the day I can forget YOU or the day you realize you canâ€™t forget Me.,,,
1,You think I have changed. Truth is you never really knew the real me.,,,
1,Real feelings donâ€™t just â€œgo awayâ€.,,,
1,Why am I so afraid to lose you when you're not even mine?,,,
1,Iâ€™ve lost somebody who wasnâ€™t even mine.,,,
1,"Sometimes, you have to smile to hold back the tears.",,,
1,People say follow your heartâ€¦but which way do you go when your heart breaks into two?,,,
1," When words fail, tears speak.. ",,,
1,Your boyfriend should treat you like his princess not like his bitch.,,,
1,I hate the fact that things between us never got better.,,,
1,Smile and no one will see how broken you are inside. ,,,
1,"One day you'll finally see, your biggest mistake was not loving me.",,,
1,i hate being jealous when i know i should not be.,,,
1,"I still love you, that's a fact. But a million apologies can't bring me back.",,,
1,Sometimes you have to know when to stop hoping :-(,,,
1,I wish you werenâ€™t in my dreams.,,,
1,"The sad part isn't that we never talk, its that we used to talk everyday.",,,
1,It's so hard to forget someone that you shared so many memories with.,,,
1,Sadness does not come from bad circumstances. It comes from bad thoughts.,,,
1,Don't play with my heart if you have no intentions for a serious relationship.,,,
1,"You will find a girl prettier than me, smarter than me, and funnier than me, but you will never find a girl just like me.",,,
1,Thanks for texting me first and then ignoring my reply.,,,
1,I need something more to hold then just a phone.,,,
1,No one has ever loved anyone the way everyone wants to be loved.,,,
1,itâ€™s funny how a person can hurt you so much when you were expecting it in the first place..,,,
1,"I fell for you, but you didnâ€™t catch me..",,,
1,"No matter how much you tries to forget, it will always be there.",,,
1,"You were most precious trophy i had, But i was the best Game you Played.",,,
1,Relationships are like glass. Sometimes its better to leave them broken than hurt yourself trying to put it back together.,,,
1,"Dont blame me for leaving, blame yourself for not doing the right things to keep me.",,,
1,i will forgive you but the way i look at you will never be the same as it used to be.,,,
1,Memories are the only reason we cant move on.,,,
1,HOPE = Hold On Pain Ends.,,,
1,"""Many Books ARe Available On""""How To Love Someone..!"""" But, A Single Book Is Not Available On""""How To Forget The Truely Loveable One...!!""",,,
1,My mouth says Iâ€™M OK my fingers text Iâ€™M FINE my heart says Iâ€™M BROKEN,,,
1,PROMISE: We break them â€¦â€¦. MEMORIES: They break us :(,,,
1,I Wish I Could Give You My Pain So That You Understand How Much You Hurt Me.,,,
1,"I will always care for you, even if we are not together and even if we are far, far away from each other.",,,
1,"Why am I so afraid to lose YOU,when You are not even MINE.",,,
1,Apologies dont fix broken hearts.,,,
1,"The most painful goodbyes are the ones never said, but the heart already knows it's over.",,,
1,"The truth is: I canâ€™t hate you, even if I try.",,,
1,What was my faultâ€¦.?,,,
1,You know my name not my story.,,,
1,"I act like I donâ€™t care, but inside, I care more than you can ever think.",,,
1,"Lies dont end relationships, The truth does.",,,
1,"I know I have no chance, but somehow I can't stop trying.",,,
1,"""How Strange!! ""Lies don't end relationships, usually the truth does..!"" RT""",,,
1,STOP wasting your tears on someone who doesn't care to make You SMILE.,,,
1,I was only a timepass in your life..But someday u wil truly realise that the time passed wid me was the most beautiful time ever.,,,
1,Never trust those people who don't understand your feelings.,,,
1,It's hard to move on when you still care.,,,
1,"Just because a relationship ends, doesnt mean two people stopped loving each other. sometimes, they just stopped hurting each other.",,,
1,It sucks when you are ignored by the one person whose attention means the world to you.,,,
1,I hate to see his face,,,
1,A dog is the only thing that can mend a crack in your broken heart,,,
1,"If I delete your number, you are basically deleted from my life.",,,
1,I'm slowly giving up.,,,
1,I hate seeing you because you bring back the feelings I tried so hard to forget.,,,
1,"Sorry For Caring, Sorry For Trying, But Most Of All, I am Sorry I Let You In.",,,
1,"When a relationship fails, its both their fault. One for giving up and walking away, and the other for not stopping them.",,,
1,Tears are prayers too. They travel to God when we can't speak.,,,
1,I want to be with someone who has experienced having a broken heart. So that they know exactly how it feels and wonâ€™t break mine.,,,
1,I have learned that sometimes â€œsorryâ€ is not enough. Sometimes you actually have to change.,,,
1,i m so sorry my love...,,,
1,I love you - I trust you - I'm sorry - help me.,,,
1,I am sorry for felling sorry.,,,
1,Saying sorry was the biggest strength...!! ,,,
1,Donâ€™t say sorry for something you are planning on repeating later.,,,
1,"i miss your smile, your face, your hugs.I miss you.",,,
1,"When your mood is upset for no reason,you're surely missing someone. ",,,
1,Nothing feels better than a surprise text from that person you miss.,,,
1,"When I miss you, I read our old conversation, smile like an idiot, listen to songs that remind me of you, Then miss you more",,,
1,"No calls, no texts, nothing but iâ€™m still here thinking about you like Crazy.",,,
1,"I cant lie, I miss you.",,,
1,I am missing you and its killing me.,,,
1,Behind my smile is everything youâ€™ll never understand.,,,
1,I wish my phone would vibrate right now and your name comes up on the screen.,,,
1,"i miss your smile, your face, your hugs. I miss you.",,,
1,"Hey Stupid , i still miss you , still love you , i hope you will realize.",,,
1,Do I miss you ? â†’everyday â†,,,
1,Missing someone & not being able to see them is the worst feeling ever.,,,
1,Sometimes a simple I MISS YOU can change everything â™¥,,,
1,"When I close my eyes I see you, when I open my eyes I miss you.",,,
1,"Sometimes, its not the person you miss, its the feelings, moments and memories you had with them.",,,
1,"No calls, no texts, nothing but i am still here thinking about you like crazy.",,,
1,No texts.No calls.nothing.but i'm still here thinking about you like crazy. ,,,
1,I need you so much closer.,,,
1,I can't stop missing you.,,,
1,"I try not to miss you, but in the end I still do.",,,
1,I dont miss you. I miss the laughs. The smiles. The good times. The way things were.,,,
1,"No, I am not okayâ€¦ I miss you.",,,
1,I miss your name lighting up my phone.,,,
1,"Whenever I miss you, I just HUG my pillow and imagine its YOU.",,,
1,"I Wish We Could Go Back To how we used to be, i miss that.",,,
1,A hug for you means I need you. A kiss for you means I love you. A call for you means Iâ€™m missing you.,,,
1,"The more I think of you, the more I love you and the more I miss you.",,,
1,"Where there is love, Nothing is missing.",,,
1,Iâ€™m missing something in my life these days. ,,,
1,I miss seeing your name show up on my phone.,,,
1,"I MISS YOU. A little too much, a little too often, and a little more every day.",,,
1,i miss the time when i actually meant something to you.,,,
1,Missing someone & not being able to see them is the worst feeling ever.,,,
1,Its never easy missing someone and knowing you cant do anything about it.,,,
1,"I still miss him, I miss him, Iâ€™m missing him.",,,
1,"i miss your smile, your face, your hugs.I miss you.",,,
1,"When your mood is upset for no reason,you're surely missing someone. ",,,
1,Nothing feels better than a surprise text from that person you miss.,,,
1,"When I miss you, I read our old conversation, smile like an idiot, listen to songs that remind me of you, Then miss you more",,,
1,"No calls, no texts, nothing but iâ€™m still here thinking about you like Crazy.",,,
1,"I cant lie, I miss you.",,,
1,I am missing you and its killing me.,,,
1,Behind my smile is everything youâ€™ll never understand.,,,
1,I wish my phone would vibrate right now and your name comes up on the screen.,,,
1,"i miss your smile, your face, your hugs. I miss you.",,,
1,"Hey Stupid , i still miss you , still love you , i hope you will realize.",,,
1,Do I miss you ? â†’everyday â†,,,
1,Missing someone & not being able to see them is the worst feeling ever.,,,
1,Sometimes a simple I MISS YOU can change everything â™¥,,,
1,"When I close my eyes I see you, when I open my eyes I miss you.",,,
1,"Sometimes, its not the person you miss, its the feelings, moments and memories you had with them.",,,
1,"No calls, no texts, nothing but i am still here thinking about you like crazy.",,,
1,No texts.No calls.nothing.but i'm still here thinking about you like crazy. ,,,
1,I need you so much closer.,,,
1,I can't stop missing you.,,,
1,"I try not to miss you, but in the end I still do.",,,
1,I dont miss you. I miss the laughs. The smiles. The good times. The way things were.,,,
1,"No, I am not okayâ€¦ I miss you.",,,
1,I miss your name lighting up my phone.,,,
1,"Whenever I miss you, I just HUG my pillow and imagine its YOU.",,,
1,"I Wish We Could Go Back To how we used to be, i miss that.",,,
1,A hug for you means I need you. A kiss for you means I love you. A call for you means Iâ€™m missing you.,,,
1,"The more I think of you, the more I love you and the more I miss you.",,,
1,"Where there is love, Nothing is missing.",,,
1,Iâ€™m missing something in my life these days. ,,,
1,I miss seeing your name show up on my phone.,,,
1,"I MISS YOU. A little too much, a little too often, and a little more every day.",,,
1,i miss the time when i actually meant something to you.,,,
1,Missing someone & not being able to see them is the worst feeling ever.,,,
1,Its never easy missing someone and knowing you cant do anything about it.,,,
1,"I still miss him, I miss him, Iâ€™m missing him.",,,
1,Thereâ€™s always a person that you hate for no reason.,,,
1,Emotional pain will always hurt more than physical pain.,,,
1,My silence is just another word for my PAIN.,,,
1,"Sometimes, tears are a sign of unspoken happiness.. and smile is a sign of silenced pain..",,,
1,The pain is there to remind me that I'm still alive.,,,
1,I know my silence and my tears will heal my pain one day.,,,
1,Missing you can turn from pain to pleasure if I knew you were missing me too.,,,
1,The most painful goodbye's are those which were never said and never explained.,,,
1,"Love can't be proven with poems, promises, or presents. Sometimes, only pain and patience can prove it.",,,
1,The greatest pain that comes from love is loving someone you can never have.,,,
1,"Yes, I've changed. Pain does that to people.",,,
1,It hurts but itâ€™s okay because we canâ€™t force someone to feel the same as well we feel for them.,,,
1,Don't be much closer to anybody because a small change in their behavior hurts a lot.,,,
1,I care too much thatâ€™s how i get hurt.,,,
1,Hurt me with the truth But don't comfort me with a lie.,,,
1,"If you can go days without talking to me, i am obviously not that important to you.",,,
1,"You can close your eyes to the things you donâ€™t want to see, but you canâ€™t close your heart to the things you donâ€™t want to feel.",,,
1,Some guys just dont realize how much one little thing can hurt a girl.,,,
1,"Promises are worse than lies because you dont just make them believe , you also make them HOPE",,,
1,"""PERFECT MATURITY"" is when a person hurts you, and you try to understand their siuation and don't hurt them back.",,,
1,It hurts when you realize you arent as important to someone as you thought you were.,,,
1,Sometimes i'm not angry i'm hurt and there's a big difference.,,,
1,Don't ask why someone keep hurting you. ASk yourself why you're allowing them.,,,
1,"Love is like a rubber band held at both ends of two people. When one leaves, it hurts the other.",,,
1,Love always Hurts.,,,
1,"Nothing hurts more than realizing he meant Everything to you, but you meant nothing to him.",,,
1,"I wish I could give you my pain just for one moment. Not to hurt you but rather so you can finally understand, how much you hurt me.",,,
1,"Donâ€™t trust too much, donâ€™t hope too much because that â€œtoo muchâ€ can hurt you so much.",,,
1,It hurts when you realize you aren't as important to someone as you thought you were.,,,
1,I feel like everything I do is wrong.,,,
1,"Erase the messages, delete the numbers and move on. You donâ€™t have to forget them. just accept that they arenâ€™t that person anymore.",,,
1,"Sometimes you're not in love, you just care too much to let go because you don't want to hurt them.",,,
1,You only get hurt if you actually give a fuck.,,,
1,LOVE is like HEAVEN...But it hurts like HELL...,,,
1,Sometimes i wish i had the guts to hurt you like you hurt me. But even if i had the chance. I wouldnt take it.,,,
1,I hope you'll realize how much you're hurting me someday.,,,
1,Time doesn't really heal a heart it just makes the heart forget about the pain...,,,
1,Sometimes it's better to be alone. Nobody can hurt you!,,,
1,"You fall in love, you get hurt. Thatâ€™s life.",,,
1,The deepest people are the ones who've been hurt the most.,,,
1,"Forget who hurt you yesterday, but don't forget who loves you tenderly today.",,,
1,"Getting hurt doesnt make me stupid. It means i have enough hope and enough love in my heart, to always think the best of people.",,,
1,The only ones that can truly hurt you deeply are the ones you love.,,,
1,Nothing hurts more than realizing he was everything to you and you were nothing.,,,
1,"What hurts you today, makes you stronger tomorrow.",,,
1,"The hardest thing to do is watch the one you love , love someone else. ",,,
1,one day you`ll realize...all the love that i gave to you...is now being given to someone else ,,,
1,It hurts but itâ€™s okay because we canâ€™t force someone to feel the same as well we feel for them.,,,
1,Don't be much closer to anybody because a small change in their behavior hurts a lot.,,,
1,I care too much thatâ€™s how i get hurt.,,,
1,Hurt me with the truth But don't comfort me with a lie.,,,
1,"If you can go days without talking to me, i am obviously not that important to you.",,,
1,"You can close your eyes to the things you donâ€™t want to see, but you canâ€™t close your heart to the things you donâ€™t want to feel.",,,
1,Some guys just dont realize how much one little thing can hurt a girl.,,,
1,"Promises are worse than lies because you dont just make them believe , you also make them HOPE",,,
1,"""PERFECT MATURITY"" is when a person hurts you, and you try to understand their siuation and don't hurt them back.",,,
1,It hurts when you realize you arent as important to someone as you thought you were.,,,
1,Sometimes i'm not angry i'm hurt and there's a big difference.,,,
1,Don't ask why someone keep hurting you. ASk yourself why you're allowing them.,,,
1,"Love is like a rubber band held at both ends of two people. When one leaves, it hurts the other.",,,
1,Love always Hurts.,,,
1,"Nothing hurts more than realizing he meant Everything to you, but you meant nothing to him.",,,
1,"I wish I could give you my pain just for one moment. Not to hurt you but rather so you can finally understand, how much you hurt me.",,,
1,"Donâ€™t trust too much, donâ€™t hope too much because that â€œtoo muchâ€ can hurt you so much.",,,
1,It hurts when you realize you aren't as important to someone as you thought you were.,,,
1,I feel like everything I do is wrong.,,,
1,"Erase the messages, delete the numbers and move on. You donâ€™t have to forget them. just accept that they arenâ€™t that person anymore.",,,
1,"Sometimes you're not in love, you just care too much to let go because you don't want to hurt them.",,,
1,You only get hurt if you actually give a fuck.,,,
1,LOVE is like HEAVEN...But it hurts like HELL...,,,
1,Sometimes i wish i had the guts to hurt you like you hurt me. But even if i had the chance. I wouldnt take it.,,,
1,I hope you'll realize how much you're hurting me someday.,,,
1,Time doesn't really heal a heart it just makes the heart forget about the pain...,,,
1,Sometimes it's better to be alone. Nobody can hurt you!,,,
1,"You fall in love, you get hurt. Thatâ€™s life.",,,
1,The deepest people are the ones who've been hurt the most.,,,
1,"Forget who hurt you yesterday, but don't forget who loves you tenderly today.",,,
1,"Getting hurt doesnt make me stupid. It means i have enough hope and enough love in my heart, to always think the best of people.",,,
1,The only ones that can truly hurt you deeply are the ones you love.,,,
1,Nothing hurts more than realizing he was everything to you and you were nothing.,,,
1,"What hurts you today, makes you stronger tomorrow.",,,
1,"The hardest thing to do is watch the one you love , love someone else. ",,,
1,one day you`ll realize...all the love that i gave to you...is now being given to someone else ,,,
1,Silent people have the greatest heart.,,,
1,"When you're happy, you enjoy the music But when you're sad, you understand lyrics.",,,
1,I get jealous because I am afraid someone is going to make you happier than I do.,,,
1,Sometimes you need to run away just to see who will follow you.,,,
1,"If you a girl make laugh she likes you, but if you make her cry, she loves you.",,,
1,Your emotions trouble you only in those things which you call yours.,,,
1,"When you can tell your story and it doesnâ€™t make you cry, thatâ€™s when you know youâ€™ve healed.",,,
1,"Never assume that someone likes you by their sweetness. Sometimes, you're just an option when they're bored.",,,
1,You aren't worthy of her silence if you can't respect her feelings.,,,
1,We all get addicted to something that takes away the pain.,,,
1,"Dear Feelings, i need you to move on.",,,
1,No one stays with you permanently so learn to survive alone.,,,
1,"''Never search your happiness in other , it will makes you feel none search it in yourself you will feel happy even when you are left alone''",,,
1,i wish i could ignore you the way you ignore me.,,,
1,I understand why you left But what i dont understand why im still waiting for you?,,,
1,Sometimes you just have to stay silent because no words can explain whatâ€™s going on in your mind and heart.,,,
1,I feel so alone sometimes.,,,
1,"If you don't want me , don't mess with my feelings .",,,
1,Never depend on others too much because someday you will have to walk alone.,,,
1,Itâ€™s hard to forget someone who gave you so much to remember.,,,
1,Its better to just quietly miss someone rather than let them know and just get no response.,,,
1,"There are Billions of people in this world, but sometimes you really need just one.",,,
1,I never feel alone bcz loneliness is always with me,,,
1,"Sometimes i pretend that i dont care. But really, i care more than anyone else ever will.",,,
1,"No matter how hard you try, Some people will never change.",,,
1,Iâ€™m the type of girl who smiles to make everyoneâ€™s day. Even though Iâ€™m dying inside.,,,
1,I hate seeing you because you bring back the feelings I tried so hard to forget.,,,
1,When You Sit Alone ...You Sit With Your Past ... :(,,,
1,i am scared of getting too close to anyone because those who said that they will always be there for me.,,,
1,People who are always Online are the Loneliest ...Agree.?,,,
1,"I dont care who was before me, as long as I know there is nobody during me.",,,
1,"I Hope you will always Remember all the great memories we Created, Because i will.",,,
1,We may Forget the person but memories stay there forever ,,,
1,Just because we are not close anymore doesnâ€™t mean I dont care about you.,,,
1,"Missing someone is a part of loving them, if you are never apart then you will never know how strong your love really is.",,,
1,Loneliness is better than a bad company., PO Box 5249," MK17 92H. 450Ppw 16""",
1,"â€œYou told me I was perfect, but you still left. I should have known my perfect wouldnâ€™t be good enough.â€",,,
1,Dont cry over someone who wouldnt cry over you.,,,
1,"When she ignores you, thats when you need to talk to her the most.",,,
1,Sorry isnâ€™t always enough. Sometimes you actually have to change.,,,
1,"Once upon a time, I was stupid enough to fall in love with you.",,,
1,Walking with a friend in the dark is better than walking alone in the light.,,,
1,"Every time you ignore me, i regret every text message that i have ever sent you.",,,
1,Sometimes I hate getting close to people because I think they will just walk out of my life no matter how close we are.,,,
1,"Some days I cant stop thinking about you, and other days I wonder why I am wasting my time.",,,
1,Some things will never go back to the way they used to be. No matter how much you miss them.,,,
1,"Dear Feelings, i need you to move on.",,,
1,No one stays with you permanently so learn to survive alone.,,,
1,"''Never search your happiness in other , it will makes you feel none search it in yourself you will feel happy even when you are left alone''",,,
1,i wish i could ignore you the way you ignore me.,,,
1,I understand why you left But what i dont understand why im still waiting for you?,,,
1,Sometimes you just have to stay silent because no words can explain whatâ€™s going on in your mind and heart.,,,
1,I feel so alone sometimes.,,,
1,"If you don't want me , don't mess with my feelings .",,,
1,Never depend on others too much because someday you will have to walk alone.,,,
1,Itâ€™s hard to forget someone who gave you so much to remember.,,,
1,Its better to just quietly miss someone rather than let them know and just get no response.,,,
1,"There are Billions of people in this world, but sometimes you really need just one.",,,
1,I never feel alone bcz loneliness is always with me,,,
1,"Sometimes i pretend that i dont care. But really, i care more than anyone else ever will.",,,
1,"No matter how hard you try, Some people will never change.",,,
1,Iâ€™m the type of girl who smiles to make everyoneâ€™s day. Even though Iâ€™m dying inside.,,,
1,I hate seeing you because you bring back the feelings I tried so hard to forget.,,,
1,When You Sit Alone ...You Sit With Your Past ... :(,,,
1,i am scared of getting too close to anyone because those who said that they will always be there for me.,,,
1,People who are always Online are the Loneliest ...Agree.?,,,
1,"I dont care who was before me, as long as I know there is nobody during me.",,,
1,"I Hope you will always Remember all the great memories we Created, Because i will.",,,
1,We may Forget the person but memories stay there forever ,,,
1,Just because we are not close anymore doesnâ€™t mean I dont care about you.,,,
1,"Missing someone is a part of loving them, if you are never apart then you will never know how strong your love really is.",,,
1,Loneliness is better than a bad company.,,,
1,"â€œYou told me I was perfect, but you still left. I should have known my perfect wouldnâ€™t be good enough.â€",,,
1,Dont cry over someone who wouldnt cry over you.,,,
1,"When she ignores you, thats when you need to talk to her the most.",,,
1,Sorry isnâ€™t always enough. Sometimes you actually have to change.,,,
1,"Once upon a time, I was stupid enough to fall in love with you.",,,
1,Walking with a friend in the dark is better than walking alone in the light.,,,
1,"Every time you ignore me, i regret every text message that i have ever sent you.",,,
1,Sometimes I hate getting close to people because I think they will just walk out of my life no matter how close we are.,,,
1,"Some days I cant stop thinking about you, and other days I wonder why I am wasting my time.",,,
1,Some things will never go back to the way they used to be. No matter how much you miss them.,,,
1,Cheating is a choice not a mistake.,,,
1,"People always cheated me,because I loved them like madâ€¦",,,
1,I just want an honest relationship. No lies. No mind games. No cheating.,,,
1,"Alphabets in ""TEACHING"" & ""CHEATING"" are common.. Those who try 2 'Cheat' u often 'Teach'...",,,
1,"I don't understand why people cheat, if you're not happy, just leave.",,,
1,"if you are in a relationship, flirting is cheating.",,,
1,"People don't cheat by chance, they cheat by choice.",,,
1,"Once a cheater, always a repeater. ",,,
1,"Once a cheater always a cheater, they can never be trusted again.",,,
1,"Cheating isnt always kissing, touching, or flirting. If you gotta delete text messages so your partner wont seem them, you are already there.",,,
1,"Cheating is easy. Try something hard, like being committed.",,,
1,"Don't lie, don't cheat, and dont make promises you can't keep.",,,
1,"If you honest and frank,people may cheat you.Be honest and frank anyway.",,,
1,There is no excuse for cheating in a relationship.,,,
1,If you are not interested then don't cheat him.. Better leave him,,,
1,Its not cheating unless you get caught.,,,
1,If you are in a relationship. Flirting is CHEATING.,,,
1,Cheaters think everyone cheats. Liars think everyone lies. Keep this in mind.,,,
1,"If you had enough time to cheat, you had enough time to think about it.",,,
1,Don't cry over someone that won't cry over you.,,,
1,"Cheating is choice , not a mistake .",,,
1,"['You Hurt Me But I Still Love You.', 'True Love Isnâ€™T Found. Itâ€™S Built.', 'My Silence Is Just Another Word For Pain.', 'You Killed What Was Left Of The Good In Me.', 'I Wish I Could Ignore You Like You Ignore Me.', 'Sometimes All You Need Is One Person Who Cares.', 'Sometimes All You Need Is One Person Who Cares.', 'Iâ€™M That Person Everyone Replaces After A While.\xa0( Sad Whatsapp Status\xa0', 'I Donâ€™T Care For The People, Who Donâ€™T Care For Me.', 'No Beauty Shines Brighter Than That Of A Good Heart.', 'If You Give Up On Me, Iâ€™M Going To Give Up On Me Too.', 'Iâ€™Ve Been Sad For Years. Donâ€™T Tell Me It Gets Better.', 'Behind My Smile Is Everything Youâ€™Ll Never Understand.', 'I Stay Home Alone, Listen To Music And Think Too Much.', 'The Worst Kind Of Sad Is Not Being Able To Explain Why.', 'Tears Are Words Too Painful For A Broken Heart To Speak.', 'I Like To Be Alone. But I Would Rather Be Alone With You.', 'I Say I Donâ€™T Care Anymore, But Truth Is I Care Too Much. ( Sad Quotes\xa0', 'No Matter How Far You Are, You Are Always In My Thoughts.', 'I Say I Donâ€™T Care Anymore, But Truth Is I Care Too Much.', 'I Am Tired Of Fightin. For Once, I Want To Be Fought For.', 'I Hope Youâ€™Ll Realize How Much Youâ€™Re Hurting Me Some Day.', 'Every Time I Trust Somebody, They Show Me Why I Shouldnâ€™T.', 'I Really Need To Stop Being So Emotional About Everything.', 'The Root Of Disappointment Comes From Holding Expectation. ( Sad Whatsapp Status\xa0', 'It Hurts To Let Go, But Sometimes It Hurts More To Hold On.', 'I Miss The The Time When I Actually Meant Something To You.', 'I Wanted To Text You But I Remembered We Donâ€™T Talk Anymore.', 'I Wanted To Text You. But I Remembered We Donâ€™T Talk Anymore.', 'Oh, Iâ€™M Sorry. I Forgot. I Only Exist When You Need Something.', 'Smiling Has Always Been Easier Than Explaining Why Youâ€™Re Sad.', 'I Wish My Brain Had A Map To Tell Me Where My Heart Should Go.', 'Its So Hard To Pretend Not To Love A Person When You Really Do.', 'Love Sometimes Comes Like A Dream And Leaves Likes A Nightmare. ( Sad Status for Whatsapp\xa0', 'Sometimes It Takes Losing Something Realize To What Youâ€™Ve Had.', 'I Feel Like Iâ€™ Waiting For Something That Isnâ€™T Going To Happen.', 'Itâ€™S Not That I Wanna Have It, Itâ€™S Just That I Wanna Deserve It.', 'Trust Is Like Papers. Once Itâ€™S Crumpled It Canâ€™T Be Perfect Again.', 'Itâ€™S Sad How Most People Become Who They Promised Theyâ€™D Never Be !', 'Even When Iâ€™M Hurting So Bad Inside, Iâ€™Ll Still Smile & Say Iâ€™M Fine.', 'Wanted By Many, Taken By None, Talking To Some, Just Waiting For One.', 'When People Treat You Like They Donâ€™T Care, Believe Them. They Donâ€™T.', 'Every Birth Is Paid By Death & Every Happiness Is Paid By Unhappiness. ( Sad Whatsapp Status\xa0', 'You Know That Nothing Will Change, But For Some Reason You Still Wait.', 'Sick Of Crying, Tired Of Trying, Yes Iâ€™M Smiling But Inside Iâ€™M Dying.', 'Thereâ€™S Nothing More Depressing Than Having It All & Still Feeling Sad.', 'Technically, I Am Single. But My Heart Is Taken By Someone I Can;T Have.', 'Love The Hearts That Hurts You, But Never Hurt The Heart That Loves You.', 'A Relationship Is Only For Two, But Some Bitches Donâ€™T Know How To Count.', 'Use Your Smile To Change The World. Donâ€™T Let The World Change Your Smile.', 'You May Not Be Pushing Me Away But Youâ€™Re Not Fighting To Keep Me Either.', 'There Is Nothing More Depressing Than Having It All And Still Feeling Sad.', 'Nobody Deserves Your Tears, But Whoever Deserves Them Will Not Make You Cry.', 'Sick Of Crying, Tired Of Trying, Yes Iâ€™M Still Smiling But Inside Iâ€™M Dying. ( Sad Quotes\xa0', 'Find Someone Who Knows That Youâ€™Re Not Perfect But Treats You As If You Are.', 'The Word Happiness Would Lose Its Meaning If It Were Not Balanced By Sadness.', 'And Sometimes You Just Have Forget About That Person You Once Loved & Move On.', 'Worst Kind Of Pain Is When Youâ€™Re Smiling Just To Stop The Tears From Falling.', 'Itâ€™S Never The Tears That Measure The Pain, Sometimes Its Take Smile We Fake.', 'I Feel Like A Balloonâ€¦Looking Bright & Cheerful, But Empty And Lonely Inside.', 'Isnâ€™T It Sad When You Get Hurt So Much, You Can Finally Say â€ Iâ€™M Used To It â€œ.', 'The Toughest Part Of Letting Go Is Realizing That The Other Person Already Did.', 'I Keep Myself Busy With Things I Do But Every time I Pause, I Still Think Of You.', 'You Lose Yourself Trying To Hold On To Someone Who Doesnâ€™t Care About Losing You.', 'And Sometimes You Just Have To Forget About That Person You Once Loved & Move On.', 'At Least, Tell A Lie That You Love Me, I Will Live The Rest Of My Life With That. ( Sad Status for Whatsapp\xa0', 'People Cry Not Because Theyâ€™Re Weak. Its Because Theyâ€™ve Been Strong For Too Long.', 'You Touched My Heart With A Thousand Pleasures And Broke It In To Million Pieces.', 'I Know They Say That First Love Is The Sweetest But That First Cut Is The Deepest.', 'Itâ€™S Not Always The Tears That Measure The Pain. Sometimes Itâ€™S The Smile We Fake.', 'The Worst Kind Of Pain Is When Youâ€™Re Smiling Just To Stop The Tears From Falling.', 'Iâ€™M Not Upset That You Lied To Me, Iâ€™M Upset That From Now On I Canâ€™T Believe You.', 'People Cry, Not Because Theyâ€™Re Weak. Its Because Theyâ€™ve Been Strong For Too Long.', 'When You Truly Love Someone You Given Everything You Can And Never Expect A Return. ( Sad Whatsapp Status\xa0', 'Itâ€™S Sad When You Realize You Arenâ€™T As Important To Someone As You Thought You Are.', 'I Did The Searching And Remembering. He/She Did The Disappearing And The Forgetting.', 'When I Cry About One Thing, I End Up Crying About Everything Thatâ€™S Messed Up My Life.', 'Even If We Canâ€™T Be Together In The End, I Am Still Glad You Were A Part Of My Life.', 'People Leave Because Itâ€™S Easier To Walk Away Than To Fight For What They Really Want.', 'Everything is\xa0Complicated, Even Those Things That Seem Flat In Their Bleakness Or Sadness.', 'Every Thought Is A Battle, Every Breath Is A War And I Donâ€™T Think Iâ€™M Winning Anymore.', 'Nothing Hurts More Than Realizing He Meant Everything To You & You Meant Nothing To Him.', 'Everythingâ€™S Complicated, Even Those Things That Seem Flat In Their Bleakness Or Sadness.', 'Moving On . Sound Easy. But I Died Thousand Times In Pain Just To Appreciate This Phrase.', 'Yeah Sheâ€™S Smiling But Donâ€™T Let That Fool You. Look Into Her Eyes. Shes Breaking Inside. ( Sad Quotes\xa0', 'I Was Playing Back A Thousand Memories Baby, Thinking About Everything Weâ€™Ve Been Through.', 'Words But Deeper Than Knives. A Knife Can Be Pulled Out, Words Are Embedded Into Out Soul.', 'Yeah. Sheâ€™S Smiling But Donâ€™T Let That Fool You. Look Into Her Eyes. Sheâ€™S Breaking Inside.', 'It Doesnâ€™T Matter Who Hurt You Or Broke You Down. What Matters Is Who Made You Smile Again.', 'I Donâ€™T Know Why They Call It Heartbreak. It Feels Like Every Part Of My Body Is Broken Too.', 'People Change For Two Reason : They Have Learned A Lot Or They Have Been Hurt Too Many Times. ( Sad Whatsapp Status\xa0', 'Sometimes The Girl Whoâ€™S Always Been There For Everyone Else. Need Someone To Be There For Her.', 'Everyone Want Happiness, No One Wants Pain, But You Canâ€™T Make A Rainbow Without A Little Rain.', 'There Are So Many Things That Make You Happy. Donâ€™T Focus Too Much On Things That Make You Sad.', 'Heavy Hearts, Like Heavy Clouds In The Sky, Are Best Relieved By The Letting Of A Little Water. (Sad Whatsapp Status\xa0', 'Never Expect Things To Be Happen, Because It Better To Feel Surprised Than To Feel Disappointed.', 'Pain Is The Only Thing That Makes Me Feel Alive.I Will Never Be Good Enough For You. I Got That.', 'It Hurts The Most When The Person Who Made You Feel So Special Makes You Feel So Unwanted Today.', 'Letting Go Doesnâ€™T Mean Youâ€™Ve Stopped Caring, It Means You Stopped Trying To Force Someone Too.', 'I Think Iâ€™M Afraid To Be Happy Because Whenever I Do Get Too Happy, Something Bad Always Happens.', 'The Worst Person To Be Around Is Someone Who Complains About Everything And Appreciates Nothing.', 'The Saddest People Iâ€™Ve Ever Met In Life Are The Ones Who Donâ€™T Care Deeply About Anything At All.', 'Smile. Itâ€™S Easier Than Explaining Why You Re Sad.I Donâ€™T Think You Know What You Are Doing To Me.', 'I Hate The Fact That You Ignore Me For So Long Then You Start Talking To Me Like Nothing Happened. ( Sad Status for Whatsapp\xa0', 'I Think Iâ€™M Afraid To Be Happy Because Whenever I Do Get Too Happy, Something Bad Always Happens.', 'Sometimes You Got To Accept The Fact That Certain Things Will Never Go Back To How They Used To Be.', 'The Moment When You Burst Out Crying In You Room & You Realize That No One Know How Unhappy You Are.', 'The People Experiencing The Most Pain Tend To Be The Ones Who Are Always Trying To Make Others Smile.', 'I Will Always Care For You, Even If Weâ€™Re Not Together & Even If Weâ€™Re Far, Far Away From Each Other.', 'Waiting Is Painful, Forgetting Is Painful. But Not Knowing Which To Do Is The Worse Kind Of Suffering.', 'Crying Is The Only Way Your Eyes Speak When Your Mouth Canâ€™T Explain How Things Made Your Heart Break.', 'Eight Letters, Three Words, One Regret, I Miss You.I Stay Home Alone, Listen To Music & Think Too Much.', 'I Will Always Care For You, Even If Weâ€™Re Not Together And Even If Weâ€™Re Far, Far Away From Each Other. ( Sad Whatsapp Status\xa0', 'Sometimes, Crying Is The Only Way Your Eyes Speak When You Mouth Canâ€™T Explain How Broken Your Heart Is.', 'I Didnâ€™T Lose You, You Lost Me. Youâ€™Ll Search For Me Inside Of Everyone Youâ€™Re With And I Wonâ€™T Be Found.', 'A Breakup Is Like A Broken Mirror. Its Better To Leave It Than Hurt Yourself Trying To Pick Up The Pieces.', 'So I Guess It Ends Here. We Will Go Out Separate Ways & Hope That Weâ€™Ll See Each Other Somewhere In Future.', 'If You Can Learn From The Worst Times Of Your Life, Youâ€™Ll Be Ready To Go Into The Best Times Of Your Life. ( Sad Whatsapp Status\xa0', 'Cry As Much As You Want To, But Just Make Sure When Youâ€™Re Finished, You Never Cry For The Same Reason Again.', 'Iâ€™M Sorry. I Tried Being Prefect. But Its Just Not Me.I Have Been Sad For Years. Donâ€™T Tell Me It Gets Better.', 'I Have A Habit Of Falling Too Hard And Falling Too Fast, And Getting My Hopes Up For Something I Know Wonâ€™T Last.', 'Sometimes When I Say â€ I Am Okay â€ I Want Someone Too Look Me In The Eyes, Hug Me Tight & Say â€ I Know Youâ€™Re Not â€œ.', 'You Treat Me Like Shit For No Reason, Yet I M Still In Love With You. Stop Breaking My Heart. I Just Want To Love You.', 'Sometimes I Donâ€™T Tell People Whatâ€™S Wrong Because Most Of The Time Theyâ€™Re Just Being Curious. Not Because They Care.', 'I Am Fighting Alone & Being Depressed Is An Everyday Fight. I Am Tired Of Being Sad Now. Trustâ€¦.Nothing Feels Right.', 'One Get Used To Being Alone, But Itâ€™S Enough To Break It For A Day & You Have To Get Used To It Again From The Beginning.', 'You Canâ€™T Control Everything That Happens To You, But You Can Control How You React To The Things That Are Out Of Your Control.', 'The Loneliest Moment In Someoneâ€™S Life Is When They Are Watching Their Whole World Fall Apart, And All They Do Is Stare Blankly. ( Sad Status\xa0', 'Apologizing Doesnâ€™T Always Mean Youâ€™Re Wrong & The Other Person Is Right. It Means You Value Your Relationship More Than You Ego.', 'The Pain Is Not On The Day Of Missing Our Dear Ones. The Pain Is Really When You Love Without Them & With Their Presence In Your Mind.\xa0(\xa0Sad Quotes', 'Youâ€™Re The First Person Who Broke My Heart. For The Rest Of My Life, You Will Always Be The On Who Hurt Me The Most. Donâ€™T Forget That.', 'Have You Ever Noticed That The More Special You Treat Someone, The More That Someone Takes You For Granted ? As If You Wonâ€™T Ever Change.', 'Expression Of Eyes ? Can Be Read ? By Everyoneâ€¦But Depression Of Heart Can Be Read ? Only By Best Oneâ€¦Care For Everyone But Donâ€™T Lose The Best One.', '']",,,
